{
    "mse": 0.78472004786591,
    "rmse": 0.78472004786591,
    "mae": 0.6823725801906929,
    "r2": 0.21596708453788027
}